artist_id,image_count
agneswrobel,2
albertgouthier,64
alessiaschuth,126
alexandermick,3
alexanderschulz,10
alexiatrawinski,22
alicegericke,12
alidawarzecha,7
alineschwibbe,16
alisarmaya,12
alishamerwerth,16
alisiagsling,6
alissalillepea,30
allistairwalter,63
alumlee,36
amandapastwa,2
anaiscousin,26
anapireva,27
andreahauer,15
andreaslinke,1
andreaszagler,11
andrejauch,24
anicaseidel,31
anikabrinkmann,52
anjawarzecha,94
annabiemann,2
annaditscherlein,12
annaliseimath,27
annalucamogyoros,13
annareiter,19
annatishchenko,42
annemariefaupel,50
annemoder,1
anneschnberger,41
annikagreschke,28
anskarbeau,10
antoniastakenktter,10
antoniosarcinella,8
arenshahnazaryan,10
arinaheinze,49
arinamaljuga,15
asukamiyahara,78
atsushimannami,7
bastianmeindl,19
biancapatricia,29
blabeinhold,1
brunospecht,5
burcubilgic,38
camillelacroix,20
caravenzke,1
carinaklinkhammer,18
carlosherrera,23
catharinaszonn,1
charlinezongos,7
charlottefrevel,16
charlotteheimbach,12
charlottehilbolt,35
chenefraty,1
christiankoelbl,66
christinahuber,15
christinaquerfurt,7
christinareschetnikov,20
christophergerberding,15
clemensriggenmann,3
constanzebhm,15
corawllenstein,52
cristianedessecker,14
dagmaranast,4
damianrohde,11
daniela,15
danielschaal,22
danieltrber,15
dariarahelpauli,13
dariastass,24
darjalinder,21
davidducret,47
davidilzhfer,36
davidweber,25
dennisdibiase,11
dianagalli,5
dominikgierl,43
edda,38
elektratzamouranis,21
elenakovylyaeva,23
eleonorananu,2
elisabethlieder,10
elisabethmauthe,49
elisabethschuhmann,1
ellegross,64
emilschiegnitz,17
emmaspth,6
enricfreund,70
erasmusleinweber,13
ericbeier,34
erikarichter,4
esperanzarojo,55
evalonken,24
evanoeske,68
evelinmarin,15
fabianbertelshofer,8
fabiancoppenrath,41
fabianhiller,3
fabianseemann,11
fabiennemargue,4
falkokitsche,19
fannydoberauer,10
farahkhalifeh,7
feliciadrbusch,35
felinawiemann,107
felixbecker,19
felixdrrenbecher,21
filipgudovic,14
finnklammer,46
flixklajnermann,56
florisleszke,19
franciscovalencavaz,47
frankjiminhopp,21
franziskabandur,15
franziskakronmller,57
fraukealinabecker,1
fridaortgiestonn,15
friedrichhensen,14
gabriellevitollo,61
galambthorday,28
georgwachter,5
ghakuokazaki,48
gilaephstein,55
gintaresimutyte,9
gloriasogl,10
gregoryborlein,41
haakonneubert,11
hamidrezayaraghchi,69
hannahschaffran,8
hannahschwab,3
hannamaushard,4
hannasass,56
hannesheil,78
hanneswilke,6
harukamogi,20
hazelosullivan,14
helenakrohn,23
helenaommert,10
helenatahir,44
hellastoletzki,34
henningschuldt,8
hosunyeom,75
huyentran,20
hyeranjang,5
igorshuklin,15
imkeperlick,19
inezbe,10
irinamartyshkova,37
irinaschulze,26
isabellerein,13
isabelschober,108
ivanzozulya,14
ivettakarnelik,44
ivokiefer,28
jacobcoenders,26
jacqualineburk,2
jakobimmel,65
jakobzander,32
janaltkewitte,23
jandavidgrommas,16
jankazller,24
jankunze,26
jannagerdes,4
janoschdannemann,16
janosschfer,2
jenniferknig,33
jennymaus,23
jeskovonstaden,2
jessicagrundler,41
jettekleindienst,4
jieunkim,22
jinjoolee,27
jisoojang,3
jisubkim,91
jiyoonkwak,48
johanneslistewnik,50
johannesunger,21
jonahstrub,71
jonasfahrenberger,8
jonasjubitz,3
jonaslangner,148
jonasliesaus,62
jonasmayer,16
jonaspretterer,4
jonasrausch,19
jonghwanlee,6
joorisklettnig,6
joschuabraun,12
josephinejannack,130
jsharonwagner,3
judicaschn,13
judithkaminski,58
juliaburek,35
juliahochbaum,55
juliamueller,29
julianemahler,26
juliebatteux,27
julienhbsch,92
junpeiuchida,48
jurajernk,95
kaifanwang,48
karahondong,73
karimstonjeck,64
kateandrews,33
katharinakhne,69
katrinalpennington,49
kristablomqvist,37
kunsu,74
kwangheeko,70
kyrarunkel,7
larakaiser,88
larissaheim,58
lassepook,133
laurabenz,35
layalialawad,129
leandrocultraro,119
lenadobner,18
lenakeller,30
lenaschmid,16
lenastuehmeier,7
lenavalenzuela,24
lenipohl,53
lennartkre,35
lennartschweigert,26
leofischer,12
leohimburg,18
leonfriederichs,8
leonieelpelt,15
leoniekunz,42
leonoraamaliaprugger,31
liliankrippner,16
lillyries,14
lindageisbe,5
lionsauterleute,27
lisafahr,5
lisamariawenk,7
lisamariekuntze,1
lisapeil,37
lisasinanmrozinski,11
lisavogel,8
lolacuallado,73
lorenzliebig,2
lorinbrockhaus,5
louiswuttke,75
luanlamberty,15
lucaskaiser,21
luisaltjohann,14
luisetalbot,40
lukashengelhaupt,46
lukasmletzko,26
lunamariehaser,45
maltefrey,123
malteroes,10
manoeldrexler,12
manuelrigel,15
manuelwagner,19
marathoussaint,6
marcelkimble,51
marcorobinhopf,12
mareenmoser,20
margaritakalinovska,20
mariachepisheva,14
mariaostritz,19
mariasteyer,7
marieshari,10
mariomauer,20
marioschneider,21
markusjntti,6
markuskidalka,3
marlonmltgen,48
martinknig,10
martinmischner,54
martinschuster,15
marvinketteni,5
marvinwunderlich,38
mathishauter,12
matthiasfrenzel,136
maxhanisch,26
maximgunga,137
maximilianneumann,20
maximilianrichter,34
maximiliansthlen,4
maximiliantargatz,6
maxvondorsten,21
michaelgrebner,13
michelletophinke,32
mihaelmartinec,29
mikoajsobczak,250
mila,18
milenarohde,20
minwookim,38
mirandadupa,15
miriamdockendorf,22
mirjamwalter,21
miyeonchung,14
moniquehaber,11
moritzmoll,25
moritzurban,10
musaferqassimkhalaf,7
myriammayer,115
namjulee,2
narijo,62
nazlimoripek,8
neelepeters,1
nelepianka,61
nelesandner,23
nickhorter,15
niklaspagen,5
nikolaschnippenkotter,23
niloufarshirani,40
nilspeter,72
nilsschulz,12
ninabruchhaus,20
ninalangbehn,27
noahkauertz,8
noradrahota,17
ofraohana,106
olgablsi,18
oliviaparkes,59
oskarkreckwitz,14
oskarzaumseil,7
paatakokaia,19
panagiotisvereses,1
patriciafalk,9
paulafrhlich,4
paulgrodhues,11
paulkiesow,11
paulwilting,22
pedroreisdemendonca,24
philipfrisohoeksma,1
philippkapitza,10
philippstckel,11
philliplanger,20
raffaelbader,36
ralfhannes,49
raphaelschubert,8
rawadatfeh,66
rebeccaarnold,26
rebeccaprechter,32
rebekkaberthold,65
rebekkakronsteiner,41
richardweninger,10
robertczolko,13
robertrudat,131
rubenmller,34
ruidiao,47
ruizhang,26
sabinemller,38
sabineschober,1
salomeberger,40
samparsaei,40
sarahscholz,9
sarahsteuer,37
sebastianmaas,8
sebastianschmidt,40
sebastijanzupancic,3
seherzdemir,7
seungrolee,31
severinemeier,9
shakoberekashvili,16
silouanedumoulin,30
simondorfner,1
simonedistler,59
simonpeter,84
simonschadwinkel,22
sinaneuberger,17
soenkethaden,33
sofiaantoniadou,426
sofiaelisanogueiranegwer,30
sofiagold,8
solnamgung,198
solveigschmid,30
soojiekang,31
soominkim,353
sophiemeurer,5
soyoungpark,7
srenweigel,249
stefaniefleischhauer,22
stefaniepojar,159
stefaniewinter,3
stefanieziegler,2
stefanthrck,26
stellameris,50
stellaohlms,41
stephaniebothe,11
steveceknoll,6
sunghyunpark,36
susannedundler,2
svenhoppler,15
swanlee,6
tamaramalcher,58
tanjahehn,5
tanjahuberti,7
tarianoschneider,14
theresahartmann,58
theresahecker,4
theresaheitfeld,22
theresahorlacher,9
thierryharpes,21
tillbrndenburg,20
tillmannziola,10
tillterschren,4
timalbrecht,17
timkurtz,12
timschmid,13
tizianabeck,93
tobiaskrmer,4
tobiaslutz,21
tommessavilla,61
tomoehikita,20
toniminge,87
tristanhuschke,17
valentinaeppich,8
valentinsautier,1
verenagrndel,13
veronikamller,42
vincenthaynes,29
vincentkck,52
vivienruxton,16
weiranwang,89
wiebkemertens,35
wiebkespie,4
witalijfrese,31
wonkeunlee,34
xeniahartok,11
xiangcao,45
yanchuanyang,2
yasinwrheide,132
yayoihigashiyama,66
yeosulmekang,15
yingyingli,3
yongjinkim,6
yoojinlee,36
youjeongkim,18
youngeunchang,26
yumikosegawa,545
yunashim,57
yunkyungkim,5
